/*
 Navicat Premium Data Transfer

 Source Server         : 本地mysql-53306
 Source Server Type    : MySQL
 Source Server Version : 80018
 Source Host           : 127.0.0.1:53306
 Source Schema         : linker

 Target Server Type    : MySQL
 Target Server Version : 80018
 File Encoding         : 65001

 Date: 19/01/2020 17:01:22
*/

SET NAMES utf8mb4;
SET FOREIGN_KEY_CHECKS = 0;

-- ----------------------------
-- Table structure for course
-- ----------------------------
DROP TABLE IF EXISTS `course`;
CREATE TABLE `course`  (
  `id` char(32) CHARACTER SET utf8 COLLATE utf8_general_ci NOT NULL,
  `course_name` varchar(255) CHARACTER SET utf8 COLLATE utf8_general_ci NULL DEFAULT NULL COMMENT '课程名称',
  `create_time` datetime(0) NULL DEFAULT NULL COMMENT '创建时间',
  `update_time` datetime(0) NULL DEFAULT NULL COMMENT '更新时间',
  PRIMARY KEY (`id`) USING BTREE
) ENGINE = InnoDB CHARACTER SET = utf8 COLLATE = utf8_general_ci COMMENT = '课程名称表' ROW_FORMAT = Dynamic;

-- ----------------------------
-- Records of course
-- ----------------------------
INSERT INTO `course` VALUES ('10f96d28ae069e167965dfc07f3ddd63', '课程_25', '2019-09-24 11:43:32', '2019-09-24 11:43:32');
INSERT INTO `course` VALUES ('11b03859f17d9897c60b4f0caedcecfd', '课程_14', '2019-09-24 11:43:32', '2019-09-24 11:43:32');
INSERT INTO `course` VALUES ('14a2045d6c704d5064679303f5edf7da', '课程_19', '2019-09-24 11:43:32', '2019-09-24 11:43:32');
INSERT INTO `course` VALUES ('14b21c90a608dfc5e2f8b3e6735c367b', '课程_17', '2019-09-24 11:43:32', '2019-09-24 11:43:32');
INSERT INTO `course` VALUES ('15729afc1254fa3ab1b53532b741b8f6', '课程_27', '2019-09-24 11:43:32', '2019-09-24 11:43:32');
INSERT INTO `course` VALUES ('213651b77df828ae8bad422f6085ea4f', '课程_12', '2019-09-24 11:43:32', '2019-09-24 11:43:32');
INSERT INTO `course` VALUES ('2255fc25e0b70556631f0d737d7f92fb', '课程_11', '2019-09-24 11:43:32', '2019-09-24 11:43:32');
INSERT INTO `course` VALUES ('23faf48b10d58a0bc9418e149731588a', '课程_3', '2019-09-24 11:43:32', '2019-09-24 11:43:32');
INSERT INTO `course` VALUES ('308b38049a5a5eee5b83066939d446cd', '课程_9', '2019-09-24 11:43:32', '2019-09-24 11:43:32');
INSERT INTO `course` VALUES ('3178fc40fd9d5b0d539dddee288ed0a3', '课程_6', '2019-09-24 11:43:32', '2019-09-24 11:43:32');
INSERT INTO `course` VALUES ('3db3622814ab1e880f4fdeade51db0f3', '课程_13', '2019-09-24 11:43:32', '2019-09-24 11:43:32');
INSERT INTO `course` VALUES ('40ccf10a996b82ab58d01e7cfc34d96a', '课程_30', '2019-09-24 11:43:32', '2019-09-24 11:43:32');
INSERT INTO `course` VALUES ('5093870ccabc8ad410378ebb006c3ad2', '课程_10', '2019-09-24 11:43:32', '2019-09-24 11:43:32');
INSERT INTO `course` VALUES ('53051079373757f4661b8f7069ae7c7a', '课程_23', '2019-09-24 11:43:32', '2019-09-24 11:43:32');
INSERT INTO `course` VALUES ('56bd15dac13e64aa477ad7eb1d2b3062', '课程_1', '2019-09-24 11:43:32', '2019-09-24 11:43:32');
INSERT INTO `course` VALUES ('6a875bfd8b769ade02be67abe98de261', '课程_15', '2019-09-24 11:43:32', '2019-09-24 11:43:32');
INSERT INTO `course` VALUES ('73ea3d34802f4192fcdd760054714df5', '课程_21', '2019-09-24 11:43:32', '2019-09-24 11:43:32');
INSERT INTO `course` VALUES ('7dee5547ae0b08e4b8f006a8fbc7d4c9', '课程_20', '2019-09-24 11:43:32', '2019-09-24 11:43:32');
INSERT INTO `course` VALUES ('8394a622db0a517fe902fcccbaf5896d', '课程_2', '2019-09-24 11:43:32', '2019-09-24 11:43:32');
INSERT INTO `course` VALUES ('898b0a531ace92712c60c7a0487a7abd', '课程_5', '2019-09-24 11:43:32', '2019-09-24 11:43:32');
INSERT INTO `course` VALUES ('9b1f5416ddcb2e706d10e07e635177c8', '课程_26', '2019-09-24 11:43:32', '2019-09-24 11:43:32');
INSERT INTO `course` VALUES ('a2e222bc33f97fe34de8195c3267bc1a', '课程_16', '2019-09-24 11:43:32', '2019-09-24 11:43:32');
INSERT INTO `course` VALUES ('a6c3f13892fa3b48083ed6efc8c1f6bb', '课程_8', '2019-09-24 11:43:32', '2019-09-24 11:43:32');
INSERT INTO `course` VALUES ('c0f3b05271bd4156abd361621b8f3130', '课程_22', '2019-09-24 11:43:32', '2019-09-24 11:43:32');
INSERT INTO `course` VALUES ('c3088661e452cbe6835122c41f1e03bc', '课程_24', '2019-09-24 11:43:32', '2019-09-24 11:43:32');
INSERT INTO `course` VALUES ('c355f516bfb2bb2010c2586bfd313044', '课程_18', '2019-09-24 11:43:32', '2019-09-24 11:43:32');
INSERT INTO `course` VALUES ('c40920baa879846afef8400c5eeb943f', '课程_28', '2019-09-24 11:43:32', '2019-09-24 11:43:32');
INSERT INTO `course` VALUES ('cc3d4ce455285428924f33f36922aee7', '课程_7', '2019-09-24 11:43:32', '2019-09-24 11:43:32');
INSERT INTO `course` VALUES ('d0ef95c27823ff64d5cfd19602e46361', '课程_29', '2019-09-24 11:43:32', '2019-09-24 11:43:32');
INSERT INTO `course` VALUES ('e25f2b4e2f2e54a99a0cc29363c486dc', '课程_4', '2019-09-24 11:43:32', '2019-09-24 11:43:32');

-- ----------------------------
-- Table structure for exam
-- ----------------------------
DROP TABLE IF EXISTS `exam`;
CREATE TABLE `exam`  (
  `id` char(32) CHARACTER SET utf8 COLLATE utf8_general_ci NOT NULL,
  `student_id` char(32) CHARACTER SET utf8 COLLATE utf8_general_ci NULL DEFAULT NULL COMMENT '学生id',
  `course_id` char(32) CHARACTER SET utf8 COLLATE utf8_general_ci NULL DEFAULT NULL COMMENT '课程id',
  `score` int(3) NULL DEFAULT NULL COMMENT '成绩',
  `create_time` datetime(0) NULL DEFAULT NULL COMMENT '创建时间',
  `update_time` datetime(0) NULL DEFAULT NULL COMMENT '更新时间',
  PRIMARY KEY (`id`) USING BTREE
) ENGINE = InnoDB CHARACTER SET = utf8 COLLATE = utf8_general_ci COMMENT = '成绩表' ROW_FORMAT = Dynamic;

-- ----------------------------
-- Records of exam
-- ----------------------------
INSERT INTO `exam` VALUES ('04887d84a26eab93ec9f8316a7b4d573', '612ea4708f8e8bb4f867c1875864d6ab', 'c40920baa879846afef8400c5eeb943f', 25, '2019-09-24 11:43:32', '2019-09-24 11:43:32');
INSERT INTO `exam` VALUES ('0539173682fc483bca0fa30703b174d0', '705cad0105982e85cb2679ab8aa2e946', '3178fc40fd9d5b0d539dddee288ed0a3', 17, '2019-09-24 11:43:32', '2019-09-24 11:43:32');
INSERT INTO `exam` VALUES ('0541ffe8cac439313bfb6a9ea9ddca05', '87fd2b7df3612e10a8e96021f32fc43f', 'c0f3b05271bd4156abd361621b8f3130', 84, '2019-09-24 11:43:32', '2019-09-24 11:43:32');
INSERT INTO `exam` VALUES ('0618bcf8e54b24872ece3000584b5703', '29111520be609063bd1ddf1786720185', '308b38049a5a5eee5b83066939d446cd', 90, '2019-09-24 11:43:32', '2019-09-24 11:43:32');
INSERT INTO `exam` VALUES ('0a4d579c53cffa4f0ed0876b98cd677d', '3dee6458f90e9e0c89bee8c5e13db1c3', '23faf48b10d58a0bc9418e149731588a', 86, '2019-09-24 11:43:32', '2019-09-24 11:43:32');
INSERT INTO `exam` VALUES ('0ba476be986ed2114050c7e16625bbe6', 'e6b9a5d5609446d1bacbc6f6d3464530', '40ccf10a996b82ab58d01e7cfc34d96a', 78, '2019-09-24 11:43:32', '2019-09-24 11:43:32');
INSERT INTO `exam` VALUES ('12d37cb7e5aa0f123d3c6ee92c1273cf', 'ec1ec049710f81d0916098ab915bed34', 'a2e222bc33f97fe34de8195c3267bc1a', 70, '2019-09-24 11:43:32', '2019-09-24 11:43:32');
INSERT INTO `exam` VALUES ('134fa8d416b3f2b149250622c76ff568', 'dc0ab2923292a0b56f520d218d65aebb', 'c40920baa879846afef8400c5eeb943f', 16, '2019-09-24 11:43:32', '2019-09-24 11:43:32');
INSERT INTO `exam` VALUES ('18a77f6ac40393cd6871d87fa3266073', '3569a83b48ec387e6a8cfcd52f7945fa', '8394a622db0a517fe902fcccbaf5896d', 84, '2019-09-24 11:43:32', '2019-09-24 11:43:32');
INSERT INTO `exam` VALUES ('1932a85b8123110a5fc22de1f3a8d779', '5de0678d2f88545c55834ae8b582081f', '14b21c90a608dfc5e2f8b3e6735c367b', 23, '2019-09-24 11:43:32', '2019-09-24 11:43:32');
INSERT INTO `exam` VALUES ('19a780b85dd616560aef45ccffbdb7ba', 'b70b4da7a96466c337b73e15cee36bb9', '40ccf10a996b82ab58d01e7cfc34d96a', 83, '2019-09-24 11:43:32', '2019-09-24 11:43:32');
INSERT INTO `exam` VALUES ('1c04bbaf57e1bee3dd9c89ac1914f4e5', '4c9981a25eb84ac3ddbc2861290e02bb', '2255fc25e0b70556631f0d737d7f92fb', 24, '2019-09-24 11:43:32', '2019-09-24 11:43:32');
INSERT INTO `exam` VALUES ('2237e6e051e6847780209a775b33ca0d', '29111520be609063bd1ddf1786720185', '11b03859f17d9897c60b4f0caedcecfd', 40, '2019-09-24 11:43:32', '2019-09-24 11:43:32');
INSERT INTO `exam` VALUES ('235647e92261714b1fc070133686f37f', 'ec1ec049710f81d0916098ab915bed34', '53051079373757f4661b8f7069ae7c7a', 73, '2019-09-24 11:43:32', '2019-09-24 11:43:32');
INSERT INTO `exam` VALUES ('239672b91baca7d4688c82b58eb781dd', '0185593cbfcf2955bf80c95ac7032097', '7dee5547ae0b08e4b8f006a8fbc7d4c9', 26, '2019-09-24 11:43:32', '2019-09-24 11:43:32');
INSERT INTO `exam` VALUES ('27232aa54a0fea26ae541ab35712a63e', 'bec647ab6e35d42d6f04cf0268ef6b62', '308b38049a5a5eee5b83066939d446cd', 59, '2019-09-24 11:43:32', '2019-09-24 11:43:32');
INSERT INTO `exam` VALUES ('286a34e61fe3bbf1cf422dac20a50059', '29111520be609063bd1ddf1786720185', '213651b77df828ae8bad422f6085ea4f', 83, '2019-09-24 11:43:32', '2019-09-24 11:43:32');
INSERT INTO `exam` VALUES ('2b5c903439d68fac6e77fa479d8f70c7', '53cb4b65d9852491d1e03716a5b569f9', '8394a622db0a517fe902fcccbaf5896d', 55, '2019-09-24 11:43:32', '2019-09-24 11:43:32');
INSERT INTO `exam` VALUES ('2f7d78b12671e1787e18500709b5af95', 'b70b4da7a96466c337b73e15cee36bb9', 'c3088661e452cbe6835122c41f1e03bc', 82, '2019-09-24 11:43:32', '2019-09-24 11:43:32');
INSERT INTO `exam` VALUES ('317f3e6b775cb3c22ca6641e94873004', 'dc0ab2923292a0b56f520d218d65aebb', '3178fc40fd9d5b0d539dddee288ed0a3', 59, '2019-09-24 11:43:32', '2019-09-24 11:43:32');
INSERT INTO `exam` VALUES ('3600e29c0090257d845bd4b828d34bc3', '87fd2b7df3612e10a8e96021f32fc43f', '2255fc25e0b70556631f0d737d7f92fb', 48, '2019-09-24 11:43:32', '2019-09-24 11:43:32');
INSERT INTO `exam` VALUES ('365a63e7feac5b12e4c8dd6e8e1e44ed', '00df0dc381fc9ca062948808f1dfc3b7', '53051079373757f4661b8f7069ae7c7a', 63, '2019-09-24 11:43:32', '2019-09-24 11:43:32');
INSERT INTO `exam` VALUES ('36bc78ac67d1687d89d237c5e623c08a', 'e6b9a5d5609446d1bacbc6f6d3464530', '213651b77df828ae8bad422f6085ea4f', 70, '2019-09-24 11:43:32', '2019-09-24 11:43:32');
INSERT INTO `exam` VALUES ('3d881b123acbf6963cc6667150bb2da2', '677bb36aa219bcdd4e3095c79e502cea', '53051079373757f4661b8f7069ae7c7a', 73, '2019-09-24 11:43:32', '2019-09-24 11:43:32');
INSERT INTO `exam` VALUES ('3e5b61d221d54d4227ceb41bc76b9eea', '677bb36aa219bcdd4e3095c79e502cea', '14a2045d6c704d5064679303f5edf7da', 11, '2019-09-24 11:43:32', '2019-09-24 11:43:32');
INSERT INTO `exam` VALUES ('425b2b54431679d817ab0cb0c7a8db43', '4075298ea8513a66d3ae17cb57ff011b', '10f96d28ae069e167965dfc07f3ddd63', 70, '2019-09-24 11:43:32', '2019-09-24 11:43:32');
INSERT INTO `exam` VALUES ('433a6ed3d0a872bc98460fb2c32e620d', 'f663c0120929fac51fbb291d866ed1f5', '308b38049a5a5eee5b83066939d446cd', 28, '2019-09-24 11:43:32', '2019-09-24 11:43:32');
INSERT INTO `exam` VALUES ('46fd62e15e67457c5e40458c23f0b982', 'dc0ab2923292a0b56f520d218d65aebb', '14b21c90a608dfc5e2f8b3e6735c367b', 80, '2019-09-24 11:43:32', '2019-09-24 11:43:32');
INSERT INTO `exam` VALUES ('5049910363eeecb0d167b437e1017955', 'b70b4da7a96466c337b73e15cee36bb9', 'e25f2b4e2f2e54a99a0cc29363c486dc', 97, '2019-09-24 11:43:32', '2019-09-24 11:43:32');
INSERT INTO `exam` VALUES ('526e4f070b67d6531e4cf540163e7702', '4c827a37dbed7641059645efe41cc2a9', '308b38049a5a5eee5b83066939d446cd', 10, '2019-09-24 11:43:32', '2019-09-24 11:43:32');
INSERT INTO `exam` VALUES ('5ac49d24d37d33e30bdda26506f98900', 'e6b9a5d5609446d1bacbc6f6d3464530', 'c3088661e452cbe6835122c41f1e03bc', 79, '2019-09-24 11:43:32', '2019-09-24 11:43:32');
INSERT INTO `exam` VALUES ('5c3eb6c8cce00abe90ebf7f605c3bf87', '705cad0105982e85cb2679ab8aa2e946', '3178fc40fd9d5b0d539dddee288ed0a3', 70, '2019-09-24 11:43:32', '2019-09-24 11:43:32');
INSERT INTO `exam` VALUES ('5eaf79a80559047c2e954badee38de16', '8b5efde0b828a256105a5e5b1cb1f365', '3178fc40fd9d5b0d539dddee288ed0a3', 76, '2019-09-24 11:43:32', '2019-09-24 11:43:32');
INSERT INTO `exam` VALUES ('5f1ed3844f7e22f7a31c69294ba7fdff', 'ec1ec049710f81d0916098ab915bed34', '8394a622db0a517fe902fcccbaf5896d', 43, '2019-09-24 11:43:32', '2019-09-24 11:43:32');
INSERT INTO `exam` VALUES ('649d8e9c95b6c8dd80fbd4da57622c57', 'b70b4da7a96466c337b73e15cee36bb9', '7dee5547ae0b08e4b8f006a8fbc7d4c9', 99, '2019-09-24 11:43:32', '2019-09-24 11:43:32');
INSERT INTO `exam` VALUES ('64b10fe31a3c1e63e74bc06872f0d667', '63d720c8057349159adc05510de3b12d', 'e25f2b4e2f2e54a99a0cc29363c486dc', 20, '2019-09-24 11:43:32', '2019-09-24 11:43:32');
INSERT INTO `exam` VALUES ('67aee1c2c24b52418da5cd7ddaa1da20', '4c9981a25eb84ac3ddbc2861290e02bb', '6a875bfd8b769ade02be67abe98de261', 44, '2019-09-24 11:43:32', '2019-09-24 11:43:32');
INSERT INTO `exam` VALUES ('68cc0263c522069864e8292d5c401813', '705cad0105982e85cb2679ab8aa2e946', '14a2045d6c704d5064679303f5edf7da', 41, '2019-09-24 11:43:32', '2019-09-24 11:43:32');
INSERT INTO `exam` VALUES ('7506416dcacf84d55c4f5dc58f552451', 'ed5733c7f4f232a9e633642b57038880', '15729afc1254fa3ab1b53532b741b8f6', 83, '2019-09-24 11:43:32', '2019-09-24 11:43:32');
INSERT INTO `exam` VALUES ('750f1f13bfd23c1cc591ff93a31edc13', 'e6b9a5d5609446d1bacbc6f6d3464530', '308b38049a5a5eee5b83066939d446cd', 35, '2019-09-24 11:43:32', '2019-09-24 11:43:32');
INSERT INTO `exam` VALUES ('75400e32d373f484d9cb37067cfb071f', '612ea4708f8e8bb4f867c1875864d6ab', '3db3622814ab1e880f4fdeade51db0f3', 18, '2019-09-24 11:43:32', '2019-09-24 11:43:32');
INSERT INTO `exam` VALUES ('7876ef8304f2b55fea6dd22bd4a62c22', '38765aea1f9e6b3f7d45e836b0497da1', '308b38049a5a5eee5b83066939d446cd', 33, '2019-09-24 11:43:32', '2019-09-24 11:43:32');
INSERT INTO `exam` VALUES ('79ad128acf8d6e6dd6d6be05c96a3e91', '87fd2b7df3612e10a8e96021f32fc43f', '8394a622db0a517fe902fcccbaf5896d', 72, '2019-09-24 11:43:32', '2019-09-24 11:43:32');
INSERT INTO `exam` VALUES ('7d11c4f3eda54b78ea8e0532d08b4326', '4075298ea8513a66d3ae17cb57ff011b', '23faf48b10d58a0bc9418e149731588a', 21, '2019-09-24 11:43:32', '2019-09-24 11:43:32');
INSERT INTO `exam` VALUES ('7ffe5b7e9d78437fa55297e8af6b93f2', '4c9981a25eb84ac3ddbc2861290e02bb', '14a2045d6c704d5064679303f5edf7da', 64, '2019-09-24 11:43:32', '2019-09-24 11:43:32');
INSERT INTO `exam` VALUES ('84a4c1743922d26f542d63d5d6f0b372', 'f663c0120929fac51fbb291d866ed1f5', '5093870ccabc8ad410378ebb006c3ad2', 69, '2019-09-24 11:43:32', '2019-09-24 11:43:32');
INSERT INTO `exam` VALUES ('86ab872e3bf1bacb4dffe91f40248be6', 'd0293c6e5073c4e30773b48c5798fda1', '7dee5547ae0b08e4b8f006a8fbc7d4c9', 59, '2019-09-24 11:43:32', '2019-09-24 11:43:32');
INSERT INTO `exam` VALUES ('877e8ebcc93ef81d6202573bcc39f50e', '29111520be609063bd1ddf1786720185', '308b38049a5a5eee5b83066939d446cd', 31, '2019-09-24 11:43:32', '2019-09-24 11:43:32');
INSERT INTO `exam` VALUES ('87ccc193133d21d200a3207b23f760eb', 'd0293c6e5073c4e30773b48c5798fda1', '14a2045d6c704d5064679303f5edf7da', 86, '2019-09-24 11:43:32', '2019-09-24 11:43:32');
INSERT INTO `exam` VALUES ('8b838e1f8a6a5bd625f68eb8da59d993', '63d720c8057349159adc05510de3b12d', '40ccf10a996b82ab58d01e7cfc34d96a', 77, '2019-09-24 11:43:32', '2019-09-24 11:43:32');
INSERT INTO `exam` VALUES ('9647dc6c2fc5d0e97919ad1236e78ccd', '4c827a37dbed7641059645efe41cc2a9', '308b38049a5a5eee5b83066939d446cd', 78, '2019-09-24 11:43:32', '2019-09-24 11:43:32');
INSERT INTO `exam` VALUES ('9762a3cc413040e6cd50ee89b8e55634', '38765aea1f9e6b3f7d45e836b0497da1', '3178fc40fd9d5b0d539dddee288ed0a3', 92, '2019-09-24 11:43:32', '2019-09-24 11:43:32');
INSERT INTO `exam` VALUES ('9aa3b0dcf87e6d8c18522dd66722aa6e', 'b7ac494acd63c1766ab7bb2012fd7e60', '898b0a531ace92712c60c7a0487a7abd', 48, '2019-09-24 11:43:32', '2019-09-24 11:43:32');
INSERT INTO `exam` VALUES ('9bb3cee5678d49352ddfb80f8505d038', '705cad0105982e85cb2679ab8aa2e946', 'a6c3f13892fa3b48083ed6efc8c1f6bb', 64, '2019-09-24 11:43:32', '2019-09-24 11:43:32');
INSERT INTO `exam` VALUES ('9dd445383713b813f4b4c1f1e982fa59', '612ea4708f8e8bb4f867c1875864d6ab', 'a2e222bc33f97fe34de8195c3267bc1a', 40, '2019-09-24 11:43:32', '2019-09-24 11:43:32');
INSERT INTO `exam` VALUES ('a0b8ea5306ad1f9c3d8c03da3b5196a9', 'ed5733c7f4f232a9e633642b57038880', '10f96d28ae069e167965dfc07f3ddd63', 80, '2019-09-24 11:43:32', '2019-09-24 11:43:32');
INSERT INTO `exam` VALUES ('a35cad0bf0410809fee39e7f2097a9ee', '4c9981a25eb84ac3ddbc2861290e02bb', 'a6c3f13892fa3b48083ed6efc8c1f6bb', 54, '2019-09-24 11:43:32', '2019-09-24 11:43:32');
INSERT INTO `exam` VALUES ('a78a84c8318cd6bbee9985e459164edf', '3569a83b48ec387e6a8cfcd52f7945fa', '9b1f5416ddcb2e706d10e07e635177c8', 29, '2019-09-24 11:43:32', '2019-09-24 11:43:32');
INSERT INTO `exam` VALUES ('aac5eee823fd24b87b46f25dd580273c', '38765aea1f9e6b3f7d45e836b0497da1', '15729afc1254fa3ab1b53532b741b8f6', 47, '2019-09-24 11:43:32', '2019-09-24 11:43:32');
INSERT INTO `exam` VALUES ('b14eeedacc6160a8966e5e567c6043d8', '076758e37ff88ccb56cfe0ae5fb9ca2a', 'c355f516bfb2bb2010c2586bfd313044', 67, '2019-09-24 11:43:32', '2019-09-24 11:43:32');
INSERT INTO `exam` VALUES ('b3aa898b7e61b29aee6a3d326623e4fb', '5beb72924df0c7f6128cfe9b9f63e3a2', 'd0ef95c27823ff64d5cfd19602e46361', 98, '2019-09-24 11:43:32', '2019-09-24 11:43:32');
INSERT INTO `exam` VALUES ('b62f36990fe5f50896121eb82165825e', '3569a83b48ec387e6a8cfcd52f7945fa', 'c3088661e452cbe6835122c41f1e03bc', 21, '2019-09-24 11:43:32', '2019-09-24 11:43:32');
INSERT INTO `exam` VALUES ('ba0a36e6c0a49e7aa5cc589763ca83a3', 'e6b9a5d5609446d1bacbc6f6d3464530', 'c40920baa879846afef8400c5eeb943f', 91, '2019-09-24 11:43:32', '2019-09-24 11:43:32');
INSERT INTO `exam` VALUES ('bd6920a569a972b1b244160c2ce223f5', 'ec1ec049710f81d0916098ab915bed34', 'd0ef95c27823ff64d5cfd19602e46361', 96, '2019-09-24 11:43:32', '2019-09-24 11:43:32');
INSERT INTO `exam` VALUES ('c076f3c2f0e71f3ed89a0bf68abe47fb', '907bc730dd04b0ab14ea8aa67a71ae18', '73ea3d34802f4192fcdd760054714df5', 86, '2019-09-24 11:43:32', '2019-09-24 11:43:32');
INSERT INTO `exam` VALUES ('c25a630125bf9c30429dd67f9123898e', '0185593cbfcf2955bf80c95ac7032097', '40ccf10a996b82ab58d01e7cfc34d96a', 71, '2019-09-24 11:43:32', '2019-09-24 11:43:32');
INSERT INTO `exam` VALUES ('cbb582582f1a48542d3a368a6406fdc0', '076758e37ff88ccb56cfe0ae5fb9ca2a', '40ccf10a996b82ab58d01e7cfc34d96a', 75, '2019-09-24 11:43:32', '2019-09-24 11:43:32');
INSERT INTO `exam` VALUES ('ce1bede9a59e1c2913a73e320b33d8a1', 'b7ac494acd63c1766ab7bb2012fd7e60', 'e25f2b4e2f2e54a99a0cc29363c486dc', 36, '2019-09-24 11:43:32', '2019-09-24 11:43:32');
INSERT INTO `exam` VALUES ('d1da67571fab13834fd368c20c017a5b', 'b7ac494acd63c1766ab7bb2012fd7e60', '10f96d28ae069e167965dfc07f3ddd63', 71, '2019-09-24 11:43:32', '2019-09-24 11:43:32');
INSERT INTO `exam` VALUES ('d4624fed917b8629db33023632ee16af', '5de0678d2f88545c55834ae8b582081f', '11b03859f17d9897c60b4f0caedcecfd', 35, '2019-09-24 11:43:32', '2019-09-24 11:43:32');
INSERT INTO `exam` VALUES ('dd01702758ae5f42081a013ab200e083', '4075298ea8513a66d3ae17cb57ff011b', '6a875bfd8b769ade02be67abe98de261', 20, '2019-09-24 11:43:32', '2019-09-24 11:43:32');
INSERT INTO `exam` VALUES ('e2d716035e3e53d7fdd19d2d386bf7b3', '00df0dc381fc9ca062948808f1dfc3b7', '3178fc40fd9d5b0d539dddee288ed0a3', 85, '2019-09-24 11:43:32', '2019-09-24 11:43:32');
INSERT INTO `exam` VALUES ('eab9fb645fd56fb21d32d9f3c253ea32', '4075298ea8513a66d3ae17cb57ff011b', '11b03859f17d9897c60b4f0caedcecfd', 49, '2019-09-24 11:43:32', '2019-09-24 11:43:32');
INSERT INTO `exam` VALUES ('ee70ceebfdb29604eb35f51e68f9bc6b', '53cb4b65d9852491d1e03716a5b569f9', '5093870ccabc8ad410378ebb006c3ad2', 69, '2019-09-24 11:43:32', '2019-09-24 11:43:32');
INSERT INTO `exam` VALUES ('ef5ac3ab02ac4d315a2dcb6f4c9599ed', 'bec647ab6e35d42d6f04cf0268ef6b62', '56bd15dac13e64aa477ad7eb1d2b3062', 49, '2019-09-24 11:43:32', '2019-09-24 11:43:32');
INSERT INTO `exam` VALUES ('f0bee61878c68442ab786c9255b49399', '3dee6458f90e9e0c89bee8c5e13db1c3', '40ccf10a996b82ab58d01e7cfc34d96a', 45, '2019-09-24 11:43:32', '2019-09-24 11:43:32');
INSERT INTO `exam` VALUES ('f37ab8325503fc1661ca68a36a0ebc8e', 'bd6b0626167eda1ed9f1071402619733', '14b21c90a608dfc5e2f8b3e6735c367b', 51, '2019-09-24 11:43:32', '2019-09-24 11:43:32');
INSERT INTO `exam` VALUES ('f76dce7415b9635eb1f31b377d183495', '907bc730dd04b0ab14ea8aa67a71ae18', '3178fc40fd9d5b0d539dddee288ed0a3', 52, '2019-09-24 11:43:32', '2019-09-24 11:43:32');

-- ----------------------------
-- Table structure for student
-- ----------------------------
DROP TABLE IF EXISTS `student`;
CREATE TABLE `student`  (
  `id` char(32) CHARACTER SET utf8 COLLATE utf8_general_ci NOT NULL COMMENT '主键',
  `name` varchar(50) CHARACTER SET utf8 COLLATE utf8_general_ci NULL DEFAULT NULL COMMENT '姓名',
  `phone` char(11) CHARACTER SET utf8 COLLATE utf8_general_ci NULL DEFAULT NULL COMMENT '手机',
  `job_number` varchar(255) CHARACTER SET utf8 COLLATE utf8_general_ci NULL DEFAULT NULL COMMENT '学号',
  `card_id` char(18) CHARACTER SET utf8 COLLATE utf8_general_ci NULL DEFAULT NULL COMMENT '身份证id',
  `sex` int(1) NULL DEFAULT NULL COMMENT '性别 1男，2女，3其他',
  `age` int(11) NULL DEFAULT NULL COMMENT '年龄',
  `birthday` varchar(20) CHARACTER SET utf8 COLLATE utf8_general_ci NULL DEFAULT NULL COMMENT '出生日期',
  `head_img` varchar(1024) CHARACTER SET utf8 COLLATE utf8_general_ci NULL DEFAULT NULL COMMENT '头像',
  `mail` varchar(255) CHARACTER SET utf8 COLLATE utf8_general_ci NULL DEFAULT NULL COMMENT '邮箱',
  `specialty` varchar(255) CHARACTER SET utf8 COLLATE utf8_general_ci NULL DEFAULT NULL COMMENT '专业',
  `area` varchar(255) CHARACTER SET utf8 COLLATE utf8_general_ci NULL DEFAULT NULL COMMENT '所属地区 |隔开',
  `qq` varchar(11) CHARACTER SET utf8 COLLATE utf8_general_ci NULL DEFAULT NULL COMMENT 'qq',
  `is_enable` int(2) NULL DEFAULT NULL COMMENT '是否启用 1是；2否',
  `source` int(2) NULL DEFAULT NULL COMMENT '来源  1注册；2导入',
  `create_time` datetime(0) NULL DEFAULT NULL COMMENT '创建时间',
  `update_time` datetime(0) NULL DEFAULT NULL COMMENT '更新时间',
  PRIMARY KEY (`id`) USING BTREE
) ENGINE = InnoDB CHARACTER SET = utf8 COLLATE = utf8_general_ci COMMENT = '用户信息表' ROW_FORMAT = Dynamic;

-- ----------------------------
-- Records of student
-- ----------------------------
INSERT INTO `student` VALUES ('00df0dc381fc9ca062948808f1dfc3b7', '简芮丁', '13722634937', '201809020010', '526115742719937880', 1, 23, '1996-09-24 11:43:32', NULL, '618939467@qq.com', '智能电网信息工程', NULL, '8798802377', 1, 1, '2019-09-24 11:43:32', '2019-09-24 11:43:32');
INSERT INTO `student` VALUES ('0185593cbfcf2955bf80c95ac7032097', '汪祝饶', '13497180513', '201809020012', '521919009524524964', 1, 18, '2001-09-24 11:43:32', NULL, '9241854390@qq.com', '网络空间安全', NULL, '5839693816', 1, 1, '2019-09-24 11:43:32', '2019-09-24 11:43:32');
INSERT INTO `student` VALUES ('076758e37ff88ccb56cfe0ae5fb9ca2a', '戈祝', '13784493520', '201809020008', '529052697927030166', 2, 22, '1997-09-24 11:43:32', NULL, '1383630722@qq.com', '数理基础科学', NULL, '3747163357', 1, 1, '2019-09-24 11:43:32', '2019-09-24 11:43:32');
INSERT INTO `student` VALUES ('29111520be609063bd1ddf1786720185', '岑危别全', '13006258998', '201809020004', '525998403993622984', 2, 21, '1998-09-24 11:43:32', NULL, '2897558596@qq.com', '计算机科学与技术', NULL, '8989158173', 1, 2, '2019-09-24 11:43:32', '2019-09-24 11:43:32');
INSERT INTO `student` VALUES ('3569a83b48ec387e6a8cfcd52f7945fa', '郑邬谭', '13354663718', '201809020024', '526351964987821924', 2, 18, '2001-09-24 11:43:32', NULL, '9711785207@qq.com', '网络与新媒体', NULL, '691556521', 1, 2, '2019-09-24 11:43:32', '2019-09-24 11:43:32');
INSERT INTO `student` VALUES ('38765aea1f9e6b3f7d45e836b0497da1', '计牧叶姜', '13619277872', '201809020023', '525933613310266372', 1, 26, '1993-09-24 11:43:32', NULL, '7517878312@qq.com', '电影学', NULL, '4614715268', 1, 2, '2019-09-24 11:43:32', '2019-09-24 11:43:32');
INSERT INTO `student` VALUES ('3dee6458f90e9e0c89bee8c5e13db1c3', '酆曾包禹', '13139742885', '201809020006', '525523693674383967', 3, 23, '1996-09-24 11:43:32', NULL, '7903751207@qq.com', '信息管理与信息系统', NULL, '4008298179', 1, 2, '2019-09-24 11:43:32', '2019-09-24 11:43:32');
INSERT INTO `student` VALUES ('4075298ea8513a66d3ae17cb57ff011b', '巴仇郁', '13295661494', '201809020007', '525550592283388573', 3, 20, '1999-09-24 11:43:32', NULL, '3227330298@qq.com', '网络安全与执法', NULL, '3032725635', 1, 1, '2019-09-24 11:43:32', '2019-09-24 11:43:32');
INSERT INTO `student` VALUES ('4c827a37dbed7641059645efe41cc2a9', '堵苗谢', '13021946425', '201809020003', '522271900827251377', 3, 28, '1991-09-24 11:43:32', NULL, '770116587@qq.com', '电磁场与无线技术', NULL, '8828642719', 1, 2, '2019-09-24 11:43:32', '2019-09-24 11:43:32');
INSERT INTO `student` VALUES ('4c9981a25eb84ac3ddbc2861290e02bb', '桑邢宣', '13129800345', '201809020022', '529933244614719381', 3, 24, '1995-09-24 11:43:32', NULL, '3908581046@qq.com', '信息与计算科学', NULL, '9869895801', 1, 2, '2019-09-24 11:43:32', '2019-09-24 11:43:32');
INSERT INTO `student` VALUES ('53cb4b65d9852491d1e03716a5b569f9', '甄屈胡侯', '13953635647', '201809020018', '528662606158491198', 3, 26, '1993-09-24 11:43:32', NULL, '7287836998@qq.com', '网络与新媒体', NULL, '6606933865', 1, 1, '2019-09-24 11:43:32', '2019-09-24 11:43:32');
INSERT INTO `student` VALUES ('5beb72924df0c7f6128cfe9b9f63e3a2', '卓范后', '13024181683', '201809020016', '521457119792278406', 3, 19, '2000-09-24 11:43:32', NULL, '480445306@qq.com', '信息管理与信息系统', NULL, '9610593287', 1, 2, '2019-09-24 11:43:32', '2019-09-24 11:43:32');
INSERT INTO `student` VALUES ('5de0678d2f88545c55834ae8b582081f', '扶相常卓', '13178068801', '201809020030', '523131317205072657', 3, 19, '2000-09-24 11:43:32', NULL, '5782486673@qq.com', '数字媒体技术', NULL, '914213420', 1, 2, '2019-09-24 11:43:32', '2019-09-24 11:43:32');
INSERT INTO `student` VALUES ('612ea4708f8e8bb4f867c1875864d6ab', '巩曹禹', '13221408548', '201809020011', '524433128441619480', 1, 29, '1990-09-24 11:43:32', NULL, '2674293141@qq.com', '数字媒体技术', NULL, '3980646677', 1, 2, '2019-09-24 11:43:32', '2019-09-24 11:43:32');
INSERT INTO `student` VALUES ('63d720c8057349159adc05510de3b12d', '敖莘叶', '13716904393', '201809020002', '529123907605051581', 1, 20, '1999-09-24 11:43:32', NULL, '1904266468@qq.com', '计算机科学与技术', NULL, '9581658280', 1, 2, '2019-09-24 11:43:32', '2019-09-24 11:43:32');
INSERT INTO `student` VALUES ('677bb36aa219bcdd4e3095c79e502cea', '暴夔郗闵', '13465887692', '201809020001', '520741128714142422', 1, 18, '2001-09-24 11:43:32', NULL, '976172844@qq.com', '数字媒体技术', NULL, '5796533248', 1, 2, '2019-09-24 11:43:32', '2019-09-24 11:43:32');
INSERT INTO `student` VALUES ('705cad0105982e85cb2679ab8aa2e946', '晁燕', '13108147761', '201809020019', '521815858111612648', 2, 24, '1995-09-24 11:43:32', NULL, '8905634908@qq.com', '电影学', NULL, '1072974046', 1, 2, '2019-09-24 11:43:32', '2019-09-24 11:43:32');
INSERT INTO `student` VALUES ('87fd2b7df3612e10a8e96021f32fc43f', '杨云鲍', '13969645371', '201809020020', '525364108395069496', 2, 22, '1997-09-24 11:43:32', NULL, '1581332675@qq.com', '电子与计算机工程', NULL, '6039366052', 1, 2, '2019-09-24 11:43:32', '2019-09-24 11:43:32');
INSERT INTO `student` VALUES ('8b5efde0b828a256105a5e5b1cb1f365', '鲁童', '13624232560', '201809020014', '520870387890719915', 3, 29, '1990-09-24 11:43:32', NULL, '5592111000@qq.com', '信息对抗技术', NULL, '1557847782', 1, 1, '2019-09-24 11:43:32', '2019-09-24 11:43:32');
INSERT INTO `student` VALUES ('907bc730dd04b0ab14ea8aa67a71ae18', '祁沈邱', '13294933173', '201809020026', '528576528524178625', 3, 26, '1993-09-24 11:43:32', NULL, '3644294787@qq.com', '数理基础科学', NULL, '5402308989', 1, 2, '2019-09-24 11:43:32', '2019-09-24 11:43:32');
INSERT INTO `student` VALUES ('b70b4da7a96466c337b73e15cee36bb9', '晁富', '13974009647', '201809020005', '528315393889518345', 2, 22, '1997-09-24 11:43:32', NULL, '6488921336@qq.com', '电波传播与天线', NULL, '4548954230', 1, 1, '2019-09-24 11:43:32', '2019-09-24 11:43:32');
INSERT INTO `student` VALUES ('b7ac494acd63c1766ab7bb2012fd7e60', '班伏居柴', '13183215164', '201809020013', '522071129451893528', 2, 27, '1992-09-24 11:43:32', NULL, '7858060164@qq.com', '数学与应用数学', NULL, '4226584478', 1, 1, '2019-09-24 11:43:32', '2019-09-24 11:43:32');
INSERT INTO `student` VALUES ('bd6b0626167eda1ed9f1071402619733', '祝韩刘', '13416108253', '201809020015', '526727457110861359', 1, 28, '1991-09-24 11:43:32', NULL, '5969163617@qq.com', '电子与计算机工程', NULL, '3032342243', 1, 2, '2019-09-24 11:43:32', '2019-09-24 11:43:32');
INSERT INTO `student` VALUES ('bec647ab6e35d42d6f04cf0268ef6b62', '堵尤', '13617135860', '201809020009', '528512220426212214', 1, 24, '1995-09-24 11:43:32', NULL, '7400035705@qq.com', '信息与计算科学', NULL, '3367725025', 1, 1, '2019-09-24 11:43:32', '2019-09-24 11:43:32');
INSERT INTO `student` VALUES ('d0293c6e5073c4e30773b48c5798fda1', '许利', '13191892144', '201809020021', '526291752197425268', 1, 19, '2000-09-24 11:43:32', NULL, '7491260869@qq.com', '信用管理', NULL, '6892634129', 1, 1, '2019-09-24 11:43:32', '2019-09-24 11:43:32');
INSERT INTO `student` VALUES ('dc0ab2923292a0b56f520d218d65aebb', '傅邵', '13269067244', '201809020027', '520555567154374345', 3, 22, '1997-09-24 11:43:32', NULL, '2271186294@qq.com', '信息与计算科学', NULL, '23608938', 1, 1, '2019-09-24 11:43:32', '2019-09-24 11:43:32');
INSERT INTO `student` VALUES ('e6b9a5d5609446d1bacbc6f6d3464530', '庞余乌', '13659897389', '201809020029', '523326832873071793', 3, 22, '1997-09-24 11:43:32', NULL, '851751217@qq.com', '网络工程', NULL, '6101970489', 1, 1, '2019-09-24 11:43:32', '2019-09-24 11:43:32');
INSERT INTO `student` VALUES ('ec1ec049710f81d0916098ab915bed34', '古满游范', '13721843811', '201809020017', '520130614105022028', 2, 20, '1999-09-24 11:43:32', NULL, '9631864713@qq.com', '电子商务及法律', NULL, '7195106645', 1, 2, '2019-09-24 11:43:32', '2019-09-24 11:43:32');
INSERT INTO `student` VALUES ('ed5733c7f4f232a9e633642b57038880', '池易后', '13762623694', '201809020025', '523546446151842613', 3, 18, '2001-09-24 11:43:32', NULL, '9022921299@qq.com', '信息对抗技术', NULL, '9775649211', 1, 2, '2019-09-24 11:43:32', '2019-09-24 11:43:32');
INSERT INTO `student` VALUES ('f663c0120929fac51fbb291d866ed1f5', '堵胥聂', '13163560411', '201809020028', '524642407418598185', 3, 23, '1996-09-24 11:43:32', NULL, '7033278946@qq.com', '空间信息与数字技术', NULL, '4447633853', 1, 1, '2019-09-24 11:43:32', '2019-09-24 11:43:32');

SET FOREIGN_KEY_CHECKS = 1;
